                  epoch,         train/box_loss,         train/cls_loss,         train/dfl_loss,   metrics/precision(B),      metrics/recall(B),       metrics/mAP50(B),    metrics/mAP50-95(B),           val/box_loss,           val/cls_loss,           val/dfl_loss,                 lr/pg0,                 lr/pg1,                 lr/pg2
                      1,                      0,                  5.062,                      0,                      0,                      0,                      0,                      0,                      0,                 4.6695,                      0,              0.0005552,              0.0005552,              0.0005552
                      2,                      0,                 2.4438,                      0,                      0,                      0,                      0,                      0,                      0,                 2.2768,                      0,              0.0010999,              0.0010999,              0.0010999
                      3,                      0,                0.96988,                      0,                      0,                      0,                      0,                      0,                      0,                 0.7158,                      0,              0.0016335,              0.0016335,              0.0016335
                      4,                      0,                0.30787,                      0,                      0,                      0,                      0,                      0,                      0,                0.19434,                      0,              0.0016175,              0.0016175,              0.0016175
                      5,                      0,                 0.0777,                      0,                      0,                      0,                      0,                      0,                      0,                0.04952,                      0,               0.001601,               0.001601,               0.001601
